{
    "$schema": "https://schema.management.azure.com/schemas/2015-01-01/deploymentParameters.json#",
    "contentVersion": "1.0.0.0",
    "parameters": {
        "name": {
            "value": "autobutler-foundry"
        },
        "location": {
            "value": "eastus"
        },
        "tagValues": {
            "value": {}
        },
        "allowProjectManagement": {
            "value": true
        },
        "virtualNetworkType": {
            "value": "None"
        },
        "vnet": {
            "value": {}
        },
        "ipRules": {
            "value": []
        },
        "privateEndpoints": {
            "value": []
        },
        "privateDnsZone": {
            "value": "privatelink.aiservices.azure.com"
        },
        "resourceGroupName": {
            "value": "autobutler"
        },
        "resourceGroupId": {
            "value": "/subscriptions/8add0a4f-6638-4cf3-95bd-cd46ab3ca970/resourceGroups/autobutler"
        },
        "uniqueId": {
            "value": "80bdc47f-7fa0-4d1e-ae1e-738c3ac2a89a"
        },
        "defaultProjectName": {
            "value": "autobutler"
        },
        "identity": {
            "value": {
                "type": "SystemAssigned"
            }
        },
        "userAssignedIdentityName": {
            "value": ""
        },
        "userIdentityResourceGroupName": {
            "value": ""
        },
        "identityType": {
            "value": "SystemAssigned"
        },
        "encryption_status": {
            "value": " "
        },
        "cmk_keyvault": {
            "value": ""
        },
        "resource_cmk_uri": {
            "value": ""
        },
        "userAssignedIdentityId": {
            "value": ""
        },
        "keyVaultName": {
            "value": ""
        },
        "keyVaultLocation": {
            "value": ""
        },
        "keyVaultResourceGroupName": {
            "value": ""
        },
        "keyVersion": {
            "value": ""
        },
        "keyName": {
            "value": ""
        },
        "hasRoleAssignment": {
            "value": true
        },
        "roleDefinitionId": {
            "value": "/subscriptions/8add0a4f-6638-4cf3-95bd-cd46ab3ca970/providers/Microsoft.Authorization/roleDefinitions/53ca6127-db72-4b80-b1b0-d745d6d5456d"
        },
        "enableRbac": {
            "value": false
        },
        "cryptoUserRoleAssignmentName": {
            "value": "8e7698d3-1ed3-55c0-adca-9fe5525ac5ad"
        }
    }
}