{
    "$schema": "http://schema.management.azure.com/schemas/2015-01-01/deploymentTemplate.json#",
    "contentVersion": "1.0.0.0",
    "parameters": {
        "name": {
            "type": "String"
        },
        "location": {
            "type": "String"
        },
        "tagValues": {
            "type": "Object"
        },
        "allowProjectManagement": {
            "defaultValue": true,
            "type": "Bool"
        },
        "virtualNetworkType": {
            "type": "String"
        },
        "vnet": {
            "type": "Object"
        },
        "ipRules": {
            "type": "Array"
        },
        "privateEndpoints": {
            "type": "Array"
        },
        "privateDnsZone": {
            "type": "String"
        },
        "resourceGroupName": {
            "type": "String"
        },
        "resourceGroupId": {
            "type": "String"
        },
        "uniqueId": {
            "defaultValue": "[newGuid()]",
            "type": "String"
        },
        "defaultProjectName": {
            "type": "String"
        },
        "identity": {
            "type": "Object"
        },
        "userAssignedIdentityName": {
            "type": "String"
        },
        "userIdentityResourceGroupName": {
            "type": "String"
        },
        "identityType": {
            "type": "String"
        },
        "encryption_status": {
            "type": "String"
        },
        "cmk_keyvault": {
            "type": "String"
        },
        "resource_cmk_uri": {
            "type": "String"
        },
        "userAssignedIdentityId": {
            "type": "String"
        },
        "keyVaultName": {
            "type": "String"
        },
        "keyVaultLocation": {
            "type": "String"
        },
        "keyVaultResourceGroupName": {
            "type": "String"
        },
        "keyVersion": {
            "type": "String"
        },
        "keyName": {
            "type": "String"
        },
        "hasRoleAssignment": {
            "defaultValue": false,
            "type": "Bool"
        },
        "roleDefinitionId": {
            "type": "String"
        },
        "enableRbac": {
            "defaultValue": false,
            "type": "Bool"
        },
        "cryptoUserRoleAssignmentName": {
            "defaultValue": "[guid(concat(parameters('cmk_keyvault'), 'KeyVaultCryptoUser'))]",
            "type": "String"
        }
    },
    "resources": [
        {
            "type": "Microsoft.Resources/deployments",
            "apiVersion": "2017-05-10",
            "name": "deployVnet",
            "properties": {
                "mode": "Incremental",
                "template": {
                    "$schema": "https://schema.management.azure.com/schemas/2015-01-01/deploymentTemplate.json#",
                    "contentVersion": "1.0.0.0",
                    "parameters": {},
                    "variables": {},
                    "resources": [
                        {
                            "type": "Microsoft.Network/virtualNetworks",
                            "apiVersion": "2020-04-01",
                            "name": "[if(equals(parameters('virtualNetworkType'), 'External'), parameters('vnet').name, variables('defaultVNetName'))]",
                            "location": "[parameters('location')]",
                            "properties": {
                                "addressSpace": {
                                    "addressPrefixes": "[if(equals(parameters('virtualNetworkType'), 'External'), parameters('vnet').addressPrefixes, json(concat('[{\"', variables('defaultAddressPrefix'),'\"}]')))]"
                                },
                                "subnets": [
                                    {
                                        "name": "[if(equals(parameters('virtualNetworkType'), 'External'), parameters('vnet').subnets.subnet.name, variables('defaultSubnetName'))]",
                                        "properties": {
                                            "serviceEndpoints": [
                                                {
                                                    "service": "Microsoft.CognitiveServices",
                                                    "locations": [
                                                        "[parameters('location')]"
                                                    ]
                                                }
                                            ],
                                            "addressPrefix": "[if(equals(parameters('virtualNetworkType'), 'External'), parameters('vnet').subnets.subnet.addressPrefix, variables('defaultAddressPrefix'))]"
                                        }
                                    }
                                ]
                            }
                        }
                    ]
                },
                "parameters": {}
            },
            "condition": "[and(and(not(empty(parameters('vnet'))), equals(parameters('vnet').newOrExisting, 'new')), equals(parameters('virtualNetworkType'), 'External'))]"
        },
        {
            "type": "Microsoft.CognitiveServices/accounts",
            "apiVersion": "2025-04-01-preview",
            "name": "[parameters('name')]",
            "location": "[parameters('location')]",
            "dependsOn": [
                "[concat('Microsoft.Resources/deployments/', 'deployVnet')]"
            ],
            "tags": "[if(contains(parameters('tagValues'), 'Microsoft.CognitiveServices/accounts'), parameters('tagValues')['Microsoft.CognitiveServices/accounts'], json('{}'))]",
            "sku": {
                "name": "S0"
            },
            "kind": "AIServices",
            "identity": "[parameters('identity')]",
            "properties": {
                "customSubDomainName": "[toLower(parameters('name'))]",
                "defaultProjectName": "[toLower(parameters('name'))]",
                "publicNetworkAccess": "[if(equals(parameters('virtualNetworkType'), 'Internal'), 'Disabled', 'Enabled')]",
                "networkAcls": {
                    "defaultAction": "[if(equals(parameters('virtualNetworkType'), 'External'), 'Deny', 'Allow')]",
                    "virtualNetworkRules": "[if(equals(parameters('virtualNetworkType'), 'External'), json(concat('[{\"id\": \"', concat(subscription().id, '/resourceGroups/', parameters('vnet').resourceGroup, '/providers/Microsoft.Network/virtualNetworks/', parameters('vnet').name, '/subnets/', parameters('vnet').subnets.subnet.name), '\"}]')), json('[]'))]",
                    "ipRules": "[if(or(empty(parameters('ipRules')), empty(parameters('ipRules')[0].value)), json('[]'), parameters('ipRules'))]"
                },
                "identity": "[parameters('identity')]",
                "userAssignedIdentityName": "[if(equals(parameters('identity').type, 'UserAssigned'), parameters('userAssignedIdentityName'), json('null'))]",
                "userIdentityResourceGroupName": "[if(equals(parameters('identity').type, 'UserAssigned'), parameters('userIdentityResourceGroupName'), json('null'))]",
                "encryption_status": "[parameters('encryption_status')]",
                "keyVaultName": "[parameters('keyVaultName')]",
                "keyVaultLocation": "[parameters('keyVaultLocation')]",
                "keyVaultResourceGroupName": "[parameters('keyVaultResourceGroupName')]",
                "cmk_keyvault": "[parameters('cmk_keyvault')]",
                "resource_cmk_uri": "[parameters('resource_cmk_uri')]",
                "keyVersion": "[parameters('keyVersion')]",
                "allowProjectManagement": "[parameters('allowProjectManagement')]"
            },
            "resources": [
                {
                    "type": "projects",
                    "apiVersion": "2025-04-01-preview",
                    "name": "[parameters('defaultProjectName')]",
                    "location": "[parameters('location')]",
                    "dependsOn": [
                        "[resourceId('Microsoft.CognitiveServices/accounts', parameters('name'))]"
                    ],
                    "sku": {
                        "name": "S0"
                    },
                    "identity": {
                        "type": "SystemAssigned"
                    },
                    "properties": {
                        "displayName": "[parameters('defaultProjectName')]",
                        "description": "Default project created with the resource"
                    }
                }
            ]
        },
        {
            "type": "Microsoft.Resources/deployments",
            "apiVersion": "2021-04-01",
            "name": "[concat('patchAccessPolicy-', parameters('keyVaultName'))]",
            "dependsOn": [
                "[resourceId('Microsoft.CognitiveServices/accounts', parameters('name'))]"
            ],
            "properties": {
                "mode": "Incremental",
                "template": {
                    "$schema": "https://schema.management.azure.com/schemas/2019-04-01/deploymentTemplate.json#",
                    "contentVersion": "1.0.0.0",
                    "resources": [
                        {
                            "type": "Microsoft.KeyVault/vaults/accessPolicies",
                            "apiVersion": "2019-09-01",
                            "name": "[concat(parameters('keyVaultName'), '/add')]",
                            "properties": {
                                "accessPolicies": [
                                    {
                                        "tenantId": "[subscription().tenantId]",
                                        "objectId": "[reference(resourceId('Microsoft.CognitiveServices/accounts', parameters('name')), '2025-04-01-preview', 'Full').identity.principalId]",
                                        "permissions": {
                                            "keys": [
                                                "get",
                                                "wrapKey",
                                                "unwrapKey"
                                            ]
                                        }
                                    }
                                ]
                            }
                        }
                    ]
                }
            },
            "resourceGroup": "[parameters('keyVaultResourceGroupName')]",
            "condition": "[and(equals(parameters('enableRbac'), bool('false')), equals(parameters('encryption_status'), 'Enabled'))]"
        },
        {
            "type": "Microsoft.Authorization/roleAssignments",
            "apiVersion": "2022-04-01",
            "name": "[guid(concat(parameters('cmk_keyvault'), '-', parameters('name'), 'KeyVaultCryptoUser'))]",
            "dependsOn": [
                "[resourceId('Microsoft.CognitiveServices/accounts', parameters('name'))]"
            ],
            "properties": {
                "roleDefinitionId": "[subscriptionResourceId('Microsoft.Authorization/roleDefinitions', '14b46e9e-c2b7-41b4-b07b-48a6ebf60603')]",
                "principalId": "[reference(resourceId('Microsoft.CognitiveServices/accounts', parameters('name')), '2025-04-01-preview', 'Full').identity.principalId]"
            },
            "scope": "[parameters('cmk_keyvault')]",
            "condition": "[and(equals(parameters('hasRoleAssignment'), bool('true')), equals(parameters('enableRbac'), bool('true')))]"
        },
        {
            "type": "Microsoft.Resources/deployments",
            "apiVersion": "2021-04-01",
            "name": "patchCMKEncryption",
            "dependsOn": [
                "[concat('patchAccessPolicy-', parameters('keyVaultName'))]"
            ],
            "properties": {
                "mode": "Incremental",
                "template": {
                    "$schema": "https://schema.management.azure.com/schemas/2019-04-01/deploymentTemplate.json#",
                    "contentVersion": "1.0.0.0",
                    "resources": [
                        {
                            "type": "Microsoft.CognitiveServices/accounts",
                            "apiVersion": "2025-04-01-preview",
                            "name": "[parameters('name')]",
                            "location": "[parameters('location')]",
                            "kind": "AIServices",
                            "sku": {
                                "name": "S0"
                            },
                            "properties": {
                                "customSubDomainName": "[toLower(parameters('name'))]",
                                "publicNetworkAccess": "[if(equals(parameters('virtualNetworkType'), 'Internal'), 'Disabled', 'Enabled')]",
                                "networkAcls": {
                                    "defaultAction": "[if(equals(parameters('virtualNetworkType'), 'External'), 'Deny', 'Allow')]",
                                    "virtualNetworkRules": [],
                                    "ipRules": []
                                },
                                "encryption": {
                                    "status": "[parameters('encryption_status')]",
                                    "keySource": "Microsoft.Keyvault",
                                    "keyVaultProperties": {
                                        "keyName": "[parameters('keyName')]",
                                        "keyVersion": "[parameters('keyVersion')]",
                                        "keyVaultUri": "[reference(parameters('cmk_keyvault'), '2021-04-01-preview').vaultUri]",
                                        "identityClientId": "[json('null')]"
                                    }
                                }
                            }
                        }
                    ]
                }
            },
            "condition": "[and(equals(parameters('enableRbac'), bool('false')), equals(parameters('encryption_status'), 'Enabled'))]"
        },
        {
            "type": "Microsoft.Resources/deployments",
            "apiVersion": "2021-04-01",
            "name": "patchCMKEncryptionWithRbac",
            "dependsOn": [
                "[resourceId('Microsoft.CognitiveServices/accounts', parameters('name'))]",
                "[concat('Microsoft.KeyVault/vaults/', parameters('keyVaultName'), '/providers/Microsoft.Authorization/roleAssignments/', guid(concat(parameters('cmk_keyvault'), '-', parameters('name'), 'KeyVaultCryptoUser')))]"
            ],
            "properties": {
                "mode": "Incremental",
                "template": {
                    "$schema": "https://schema.management.azure.com/schemas/2019-04-01/deploymentTemplate.json#",
                    "contentVersion": "1.0.0.0",
                    "resources": [
                        {
                            "type": "Microsoft.CognitiveServices/accounts",
                            "apiVersion": "2025-04-01-preview",
                            "name": "[parameters('name')]",
                            "location": "[parameters('location')]",
                            "kind": "AIServices",
                            "sku": {
                                "name": "S0"
                            },
                            "properties": {
                                "customSubDomainName": "[toLower(parameters('name'))]",
                                "publicNetworkAccess": "[if(equals(parameters('virtualNetworkType'), 'Internal'), 'Disabled', 'Enabled')]",
                                "networkAcls": {
                                    "defaultAction": "[if(equals(parameters('virtualNetworkType'), 'External'), 'Deny', 'Allow')]",
                                    "virtualNetworkRules": [],
                                    "ipRules": []
                                },
                                "identity": {
                                    "type": "SystemAssigned"
                                },
                                "encryption": {
                                    "status": "[parameters('encryption_status')]",
                                    "keySource": "Microsoft.Keyvault",
                                    "keyVaultProperties": {
                                        "keyName": "[parameters('keyName')]",
                                        "keyVersion": "[parameters('keyVersion')]",
                                        "keyVaultUri": "[reference(parameters('cmk_keyvault'), '2021-04-01-preview').vaultUri]",
                                        "identityClientId": "[json('null')]"
                                    }
                                }
                            }
                        }
                    ]
                }
            },
            "condition": "[and(equals(parameters('enableRbac'), bool('true')), equals(parameters('encryption_status'), 'Enabled'))]"
        },
        {
            "type": "Microsoft.Resources/deployments",
            "apiVersion": "2018-05-01",
            "name": "[concat('deployPrivateEndpoint-', parameters('privateEndpoints')[copyIndex()].privateEndpointConfiguration.privateEndpoint.name)]",
            "dependsOn": [
                "[concat('Microsoft.CognitiveServices/accounts/', parameters('name'))]"
            ],
            "properties": {
                "mode": "Incremental",
                "template": {
                    "$schema": "https://schema.management.azure.com/schemas/2015-01-01/deploymentTemplate.json#",
                    "contentVersion": "1.0.0.0",
                    "resources": [
                        {
                            "location": "[parameters('privateEndpoints')[copyIndex()].privateEndpointConfiguration.privateEndpoint.location]",
                            "name": "[parameters('privateEndpoints')[copyIndex()].privateEndpointConfiguration.privateEndpoint.name]",
                            "type": "Microsoft.Network/privateEndpoints",
                            "apiVersion": "2021-05-01",
                            "properties": {
                                "subnet": {
                                    "id": "[parameters('privateEndpoints')[copyIndex()].privateEndpointConfiguration.privateEndpoint.properties.subnet.id]"
                                },
                                "privateLinkServiceConnections": [
                                    {
                                        "name": "[parameters('privateEndpoints')[copyIndex()].privateEndpointConfiguration.privateEndpoint.name]",
                                        "properties": {
                                            "privateLinkServiceId": "[concat(parameters('resourceGroupId'), '/providers/Microsoft.CognitiveServices/accounts/', parameters('name'))]",
                                            "groupIds": "[parameters('privateEndpoints')[copyIndex()].privateEndpointConfiguration.privateEndpoint.properties.privateLinkServiceConnections[0].properties.groupIds]"
                                        }
                                    }
                                ],
                                "customNetworkInterfaceName": "[concat(parameters('privateEndpoints')[copyIndex()].privateEndpointConfiguration.privateEndpoint.name, '-nic')]"
                            },
                            "tags": {}
                        }
                    ]
                }
            },
            "subscriptionId": "[parameters('privateEndpoints')[copyIndex()].privateEndpointConfiguration.subscription.subscriptionId]",
            "resourceGroup": "[parameters('privateEndpoints')[copyIndex()].privateEndpointConfiguration.resourceGroup.value.name]",
            "copy": {
                "name": "privateendpointscopy",
                "count": "[length(parameters('privateEndpoints'))]"
            },
            "condition": "[equals(parameters('virtualNetworkType'), 'Internal')]"
        },
        {
            "type": "Microsoft.Resources/deployments",
            "apiVersion": "2018-05-01",
            "name": "[concat('deployDnsZoneGroup-', parameters('privateEndpoints')[copyIndex()].privateEndpointConfiguration.privateEndpoint.name)]",
            "dependsOn": [
                "[concat('deployPrivateEndpoint-', parameters('privateEndpoints')[copyIndex()].privateEndpointConfiguration.privateEndpoint.name)]"
            ],
            "properties": {
                "mode": "Incremental",
                "template": {
                    "$schema": "https://schema.management.azure.com/schemas/2015-01-01/deploymentTemplate.json#",
                    "contentVersion": "1.0.0.0",
                    "resources": [
                        {
                            "type": "Microsoft.Network/privateDnsZones",
                            "apiVersion": "2018-09-01",
                            "name": "[parameters('privateDnsZone')]",
                            "location": "global",
                            "tags": {},
                            "properties": {}
                        },
                        {
                            "type": "Microsoft.Network/privateDnsZones/virtualNetworkLinks",
                            "apiVersion": "2018-09-01",
                            "name": "[concat(parameters('privateDnsZone'), '/', replace(uniqueString(parameters('privateEndpoints')[copyIndex()].privateEndpointConfiguration.privateEndpoint.properties.subnet.id), '/subnets/default', ''))]",
                            "location": "global",
                            "dependsOn": [
                                "[parameters('privateDnsZone')]"
                            ],
                            "properties": {
                                "virtualNetwork": {
                                    "id": "[split(parameters('privateEndpoints')[copyIndex()].privateEndpointConfiguration.privateEndpoint.properties.subnet.id, '/subnets/')[0]]"
                                },
                                "registrationEnabled": false
                            }
                        },
                        {
                            "apiVersion": "2017-05-10",
                            "name": "[concat('EndpointDnsRecords-', parameters('privateEndpoints')[copyIndex()].privateEndpointConfiguration.privateEndpoint.name)]",
                            "type": "Microsoft.Resources/deployments",
                            "dependsOn": [
                                "[parameters('privateDnsZone')]"
                            ],
                            "properties": {
                                "mode": "Incremental",
                                "templatelink": {
                                    "uri": "https://go.microsoft.com/fwlink/?linkid=2264916"
                                },
                                "parameters": {
                                    "privateDnsName": {
                                        "value": "[parameters('privateDnsZone')]"
                                    },
                                    "privateEndpointNicResourceId": {
                                        "value": "[concat('/subscriptions/', parameters('privateEndpoints')[copyIndex()].privateEndpointConfiguration.subscription.subscriptionId, '/resourceGroups/', parameters('privateEndpoints')[copyIndex()].privateEndpointConfiguration.resourceGroup.value.name, '/providers/Microsoft.Network/networkInterfaces/', parameters('privateEndpoints')[copyIndex()].privateEndpointConfiguration.privateEndpoint.name, '-nic')]"
                                    },
                                    "nicRecordsTemplateUri": {
                                        "value": "https://go.microsoft.com/fwlink/?linkid=2264719"
                                    },
                                    "ipConfigRecordsTemplateUri": {
                                        "value": "https://go.microsoft.com/fwlink/?linkid=2265018"
                                    },
                                    "uniqueId": {
                                        "value": "[parameters('uniqueId')]"
                                    },
                                    "existingRecords": {
                                        "value": {}
                                    }
                                }
                            }
                        },
                        {
                            "type": "Microsoft.Network/privateEndpoints/privateDnsZoneGroups",
                            "apiVersion": "2020-03-01",
                            "name": "[concat(parameters('privateEndpoints')[copyIndex()].privateEndpointConfiguration.privateEndpoint.name, '/', 'default')]",
                            "location": "[parameters('location')]",
                            "dependsOn": [
                                "[parameters('privateDnsZone')]"
                            ],
                            "properties": {
                                "privateDnsZoneConfigs": [
                                    {
                                        "name": "privatelink-cognitiveservices",
                                        "properties": {
                                            "privateDnsZoneId": "[concat(parameters('resourceGroupId'), '/providers/Microsoft.Network/privateDnsZones/', parameters('privateDnsZone'))]"
                                        }
                                    }
                                ]
                            }
                        }
                    ]
                }
            },
            "subscriptionId": "[parameters('privateEndpoints')[copyIndex()].privateEndpointConfiguration.subscription.subscriptionId]",
            "resourceGroup": "[parameters('privateEndpoints')[copyIndex()].privateEndpointConfiguration.resourceGroup.value.name]",
            "copy": {
                "name": "privateendpointdnscopy",
                "count": "[length(parameters('privateEndpoints'))]"
            },
            "condition": "[and(equals(parameters('virtualNetworkType'), 'Internal'), parameters('privateEndpoints')[copyIndex()].privateDnsZoneConfiguration.integrateWithPrivateDnsZone)]"
        }
    ]
}